timestamp,free_date,template_date,iso_date
12/10/2020 22:02:35,30 June 1978,30/06/1978,1978-06-30
12/10/2020 22:18:20,"17 Feb, 2011",17/02/2011,2011-02-17
12/10/2020 22:18:45,March 25 2014,25/03/2014,2014-03-25
12/10/2020 22:19:24,1977/7/11,11/07/1977,1977-07-11
12/10/2020 22:51:38,4 Sep 1981,04/09/1981,1981-09-04
12/10/2020 23:19:03,11/7/1987,11/07/1987,1987-07-11
12/10/2020 23:19:33,sep 11 77,11/09/1977,1977-09-11
12/10/2020 23:20:15,6th july 67,06/07/1967,1967-07-06
12/10/2020 23:25:03,May 2nd 1979,02/05/1979,1979-05-02
13/10/2020 07:07:10,"March 28, â€˜82",28/03/1982,1982-03-28
13/10/2020 11:03:53,6 May 1995,06/05/1995,1995-05-06
13/10/2020 11:04:28,22 June 2001,22/06/2001,2001-06-22
13/10/2020 11:04:56,19 March 1999,19/03/1999,1999-03-19
13/10/2020 12:24:31,27th Jan 1999,27/01/1999,1999-01-27
13/10/2020 20:39:15,16 May 1972,16/05/1972,1972-05-16
13/10/2020 20:46:34,08/06/1990,08/06/1990,1990-06-08
14/10/2020 08:35:40,31101969,31/10/1969,1969-10-31
15/10/2020 14:24:57,27/4/1998,27/04/1998,1998-04-27
15/10/2020 17:45:53,August 12,12/08/1991,1991-08-12
16/10/2020 08:19:21,15/05/1999,15/05/1999,2020-05-15
16/10/2020 13:43:52,24 August 1965,24/08/1965,2020-08-24